日 期,成交張數,成交仟元,開盤,最高,最低,收盤,漲跌,筆數,日期
114/08/22,166,"5,980",36.65,36.90,35.75,35.75,-0.85,253,2025-08-22
114/08/21,228,"8,510",37.35,38.35,36.60,36.60,-0.15,214,2025-08-21
114/08/20,358,"13,085",36.10,37.85,35.60,36.75,1.05,335,2025-08-20
114/08/19,267,"9,612",37.20,37.20,35.50,35.70,-1.30,225,2025-08-19
114/08/18,212,"7,782",36.10,37.20,36.05,37.00,1.00,236,2025-08-18
114/08/15,165,"5,955",36.60,36.80,35.65,36.00,0.15,273,2025-08-15
114/08/14,193,"7,035",36.50,36.90,35.85,35.85,-0.05,160,2025-08-14
114/08/13,230,"8,365",37.15,37.50,35.80,35.90,-0.55,275,2025-08-13
114/08/12,465,"17,229",35.90,38.30,35.55,36.45,0.90,500,2025-08-12
114/08/11,405,"14,426",36.05,36.40,34.90,35.55,-1.05,340,2025-08-11
114/08/08,284,"10,463",37.25,37.6,36.6,36.6,-0.5,312,2025-08-08
114/08/08,284,"10,463",37.25,37.60,36.60,36.60,-0.50,312,2025-08-08
114/08/07,612,"23,138",39.90,40.35,36.80,37.10,-2.35,632,2025-08-07
114/08/07,612,"23,138",39.9,40.35,36.8,37.1,-2.35,632,2025-08-07
114/08/06,195,"7,654",39.6,39.6,39.0,39.45,-0.45,177,2025-08-06
114/08/06,195,"7,654",39.60,39.60,39.00,39.45,-0.45,177,2025-08-06
114/08/05,873,"34,495",39.90,40.70,38.95,39.90,0.90,732,2025-08-05
114/08/05,873,"34,495",39.9,40.7,38.95,39.9,0.9,732,2025-08-05
114/08/04,507,"20,263",40.85,42.1,39.0,39.0,-2.6,494,2025-08-04
114/08/04,507,"20,263",40.85,42.10,39.00,39.00,-2.60,494,2025-08-04
114/08/01,368,"15,041",38.80,41.60,38.80,41.60,0.60,350,2025-08-01
114/08/01,368,"15,041",38.8,41.6,38.8,41.6,0.6,350,2025-08-01
114/07/31,353,"14,367",38.85,41.30,38.85,41.00,1.55,360,2025-07-31
114/07/31,353,"14,367",38.85,41.3,38.85,41.0,1.55,360,2025-07-31
114/07/30,78,"3,073",39.2,39.65,39.15,39.45,0.3,68,2025-07-30
114/07/30,78,"3,073",39.20,39.65,39.15,39.45,0.30,68,2025-07-30
114/07/29,93,"3,639",39.5,39.85,39.0,39.15,-0.2,109,2025-07-29
114/07/29,93,"3,639",39.50,39.85,39.00,39.15,-0.20,109,2025-07-29
114/07/28,125,"4,958",39.8,39.95,39.3,39.35,-0.45,104,2025-07-28
114/07/28,125,"4,958",39.80,39.95,39.30,39.35,-0.45,104,2025-07-28
114/07/25,152,"6,012",40.00,40.00,39.00,39.80,-0.05,135,2025-07-25
114/07/25,152,"6,012",40.0,40.0,39.0,39.8,-0.05,135,2025-07-25
114/07/24,144,"5,740",40.10,40.20,39.50,39.85,0.00,134,2025-07-24
114/07/24,144,"5,740",40.1,40.2,39.5,39.85,0.0,134,2025-07-24
114/07/23,188,"7,461",39.45,40.00,39.00,39.85,1.05,158,2025-07-23
114/07/23,188,"7,461",39.45,40.0,39.0,39.85,1.05,158,2025-07-23
114/07/22,272,"10,665",39.8,39.8,38.8,38.8,-0.9,270,2025-07-22
114/07/22,272,"10,665",39.80,39.80,38.80,38.80,-0.90,270,2025-07-22
114/07/21,259,"10,242",39.30,39.85,39.20,39.70,0.40,218,2025-07-21
114/07/21,259,"10,242",39.3,39.85,39.2,39.7,0.4,218,2025-07-21
114/07/18,499,"20,028",41.30,41.30,39.30,39.30,-1.30,392,2025-07-18
114/07/18,499,"20,028",41.3,41.3,39.3,39.3,-1.3,392,2025-07-18
114/07/17,"1,174","47,051",40.50,40.75,39.50,40.60,0.10,952,2025-07-17
114/07/17,"1,174","47,051",40.5,40.75,39.5,40.6,0.1,952,2025-07-17
114/07/16,"1,884","76,666",41.05,41.8,39.85,40.5,-0.4,"1,539",2025-07-16
114/07/16,"1,884","76,666",41.05,41.80,39.85,40.50,-0.40,"1,539",2025-07-16
114/07/15,"8,583","349,009",40.8,41.6,39.45,40.9,0.75,"5,829",2025-07-15
114/07/15,"8,583","349,009",40.80,41.60,39.45,40.90,0.75,"5,829",2025-07-15
114/07/14,"2,940","115,155",37.25,40.15,37.25,40.15,3.65,"2,599",2025-07-14
114/07/14,"2,940","115,155",37.25,40.15,37.25,40.15,3.65,"2,599",2025-07-14
114/07/11,"1,445","52,532",36.05,36.50,35.70,36.50,3.30,"1,248",2025-07-11
114/07/11,"1,445","52,532",36.05,36.5,35.7,36.5,3.3,"1,248",2025-07-11
114/07/10,296,"9,711",32.15,33.2,32.0,33.2,3.0,208,2025-07-10
114/07/10,296,"9,711",32.15,33.20,32.00,33.20,3.00,208,2025-07-10
114/07/09,70,"2,116",30.1,31.5,30.1,30.7,0.7,86,2025-07-09
114/07/09,70,"2,116",30.10,31.50,30.10,30.70,0.70,86,2025-07-09
114/07/08,98,"2,953",30.50,30.50,30.00,30.00,-0.35,80,2025-07-08
114/07/08,98,"2,953",30.5,30.5,30.0,30.0,-0.35,80,2025-07-08
114/07/07,84,"2,578",30.95,30.95,30.25,30.35,-0.65,56,2025-07-07
114/07/07,84,"2,578",30.95,30.95,30.25,30.35,-0.65,56,2025-07-07
114/07/04,185,"5,865",32.0,32.4,31.0,31.0,-0.7,215,2025-07-04
114/07/04,185,"5,865",32.00,32.40,31.00,31.00,-0.70,215,2025-07-04
114/07/03,319,"10,077",30.3,32.35,30.3,31.7,1.7,282,2025-07-03
114/07/03,319,"10,077",30.30,32.35,30.30,31.70,1.70,282,2025-07-03
114/07/02,76,"2,315",30.60,30.60,30.00,30.00,-0.55,82,2025-07-02
114/07/02,76,"2,315",30.6,30.6,30.0,30.0,-0.55,82,2025-07-02
114/07/01,63,"1,925",30.8,31.15,30.5,30.55,-0.4,86,2025-07-01
114/07/01,63,"1,925",30.80,31.15,30.50,30.55,-0.40,86,2025-07-01
114/06/30,40,"1,219",30.95,30.95,30.60,30.95,0.05,37,2025-06-30
114/06/30,40,"1,219",30.95,30.95,30.6,30.95,0.05,37,2025-06-30
114/06/27,74,"2,296",30.95,31.5,30.8,30.9,-0.1,80,2025-06-27
114/06/27,74,"2,296",30.95,31.50,30.80,30.90,-0.10,80,2025-06-27
114/06/26,59,"1,832",31.05,31.6,31.0,31.0,0.2,49,2025-06-26
114/06/26,59,"1,832",31.05,31.60,31.00,31.00,0.20,49,2025-06-26
114/06/25,79,"2,437",31.5,31.5,30.6,30.8,-0.65,76,2025-06-25
114/06/25,79,"2,437",31.50,31.50,30.60,30.80,-0.65,76,2025-06-25
114/06/24,79,"2,501",31.45,32.75,31.30,31.45,0.30,80,2025-06-24
114/06/24,79,"2,501",31.45,32.75,31.3,31.45,0.3,80,2025-06-24
114/06/23,111,"3,399",30.0,31.3,29.75,31.15,0.65,109,2025-06-23
114/06/23,111,"3,399",30.00,31.30,29.75,31.15,0.65,109,2025-06-23
114/06/20,88,"2,704",30.90,31.00,30.35,30.50,-0.50,84,2025-06-20
114/06/20,88,"2,704",30.9,31.0,30.35,30.5,-0.5,84,2025-06-20
114/06/19,99,"3,069",31.45,31.70,30.95,31.00,-0.45,96,2025-06-19
114/06/19,99,"3,069",31.45,31.7,30.95,31.0,-0.45,96,2025-06-19
114/06/18,49,"1,560",31.6,31.7,31.45,31.45,-0.15,71,2025-06-18
114/06/18,49,"1,560",31.60,31.70,31.45,31.45,-0.15,71,2025-06-18
114/06/17,88,"2,805",31.35,32.0,31.35,31.6,0.1,74,2025-06-17
114/06/17,88,"2,805",31.35,32.00,31.35,31.60,0.10,74,2025-06-17
114/06/16,141,"4,426",31.60,31.85,31.10,31.50,-0.80,172,2025-06-16
114/06/16,141,"4,426",31.6,31.85,31.1,31.5,-0.8,172,2025-06-16
114/06/13,153,"4,961",32.80,32.80,32.20,32.30,-0.45,147,2025-06-13
114/06/13,153,"4,961",32.8,32.8,32.2,32.3,-0.45,147,2025-06-13
114/06/12,150,"4,924",33.6,33.95,32.15,32.75,-0.75,222,2025-06-12
114/06/12,150,"4,924",33.60,33.95,32.15,32.75,-0.75,222,2025-06-12
114/06/11,261,"8,628",33.5,33.6,32.55,33.5,-0.1,225,2025-06-11
114/06/11,261,"8,628",33.50,33.60,32.55,33.50,-0.10,225,2025-06-11
114/06/10,389,"13,233",32.8,35.35,32.8,33.6,1.4,321,2025-06-10
114/06/10,389,"13,233",32.80,35.35,32.80,33.60,1.40,321,2025-06-10
114/06/09,117,"3,807",32.6,32.85,32.2,32.2,-0.65,104,2025-06-09
114/06/09,117,"3,807",32.60,32.85,32.20,32.20,-0.65,104,2025-06-09
114/06/06,58,"1,903",32.6,32.9,32.45,32.85,0.1,42,2025-06-06
114/06/06,58,"1,903",32.60,32.90,32.45,32.85,0.10,42,2025-06-06
114/06/05,55,"1,812",33.70,33.70,32.70,32.75,-0.40,65,2025-06-05
114/06/05,55,"1,812",33.7,33.7,32.7,32.75,-0.4,65,2025-06-05
114/06/04,43,"1,421",33.2,33.6,33.0,33.15,0.45,45,2025-06-04
114/06/04,43,"1,421",33.20,33.60,33.00,33.15,0.45,45,2025-06-04
114/06/03,53,"1,719",32.80,32.95,32.45,32.70,-0.10,118,2025-06-03
114/06/03,53,"1,719",32.8,32.95,32.45,32.7,-0.1,118,2025-06-03
114/06/02,125,"4,112",33.5,33.5,32.4,32.8,-1.0,102,2025-06-02
114/06/02,125,"4,112",33.50,33.50,32.40,32.80,-1.00,102,2025-06-02
114/05/29,140,"4,656",33.60,34.15,32.50,33.80,0.25,94,2025-05-29
114/05/29,140,"4,656",33.6,34.15,32.5,33.8,0.25,94,2025-05-29
114/05/28,98,"3,331",34.2,34.3,33.5,33.55,-0.45,80,2025-05-28
114/05/28,98,"3,331",34.20,34.30,33.50,33.55,-0.45,80,2025-05-28
114/05/27,92,"3,135",34.90,34.90,34.00,34.00,-0.80,135,2025-05-27
114/05/27,92,"3,135",34.9,34.9,34.0,34.0,-0.8,135,2025-05-27
114/05/26,101,"3,530",35.40,35.40,34.70,34.80,-0.60,80,2025-05-26
114/05/26,101,"3,530",35.4,35.4,34.7,34.8,-0.6,80,2025-05-26
114/05/23,250,"8,849",34.80,36.30,34.60,35.40,0.90,206,2025-05-23
114/05/23,250,"8,849",34.8,36.3,34.6,35.4,0.9,206,2025-05-23
114/05/22,91,"3,117",34.2,34.65,33.7,34.5,-0.05,70,2025-05-22
114/05/22,91,"3,117",34.20,34.65,33.70,34.50,-0.05,70,2025-05-22
114/05/21,127,"4,391",34.65,35.1,34.05,34.55,-0.15,105,2025-05-21
114/05/21,127,"4,391",34.65,35.10,34.05,34.55,-0.15,105,2025-05-21
114/05/20,64,"2,227",35.5,35.5,34.4,34.7,-0.15,52,2025-05-20
114/05/20,64,"2,227",35.50,35.50,34.40,34.70,-0.15,52,2025-05-20
114/05/19,153,"5,308",35.50,35.50,33.30,34.85,-0.15,134,2025-05-19
114/05/19,153,"5,308",35.5,35.5,33.3,34.85,-0.15,134,2025-05-19
114/05/16,72,"2,523",35.45,35.45,35.00,35.00,-0.30,74,2025-05-16
114/05/16,72,"2,523",35.45,35.45,35.0,35.0,-0.3,74,2025-05-16
114/05/15,220,"7,781",36.2,36.2,35.15,35.3,-1.05,234,2025-05-15
114/05/15,220,"7,781",36.20,36.20,35.15,35.30,-1.05,234,2025-05-15
114/05/14,169,"6,070",36.45,36.45,35.45,36.35,0.65,145,2025-05-14
114/05/14,169,"6,070",36.45,36.45,35.45,36.35,0.65,145,2025-05-14
114/05/13,330,"12,021",37.5,38.0,35.5,35.7,-1.5,351,2025-05-13
114/05/13,330,"12,021",37.50,38.00,35.50,35.70,-1.50,351,2025-05-13
114/05/12,226,"8,340",35.25,37.6,35.15,37.2,2.1,228,2025-05-12
114/05/12,226,"8,340",35.25,37.60,35.15,37.20,2.10,228,2025-05-12
114/05/09,89,"3,152",35.90,35.90,34.80,35.10,-0.35,94,2025-05-09
114/05/09,89,"3,152",35.9,35.9,34.8,35.1,-0.35,94,2025-05-09
114/05/08,130,"4,594",34.75,35.70,34.75,35.45,1.00,118,2025-05-08
114/05/08,130,"4,594",34.75,35.7,34.75,35.45,1.0,118,2025-05-08
114/05/07,62,"2,129",34.75,34.75,34.45,34.45,-0.25,67,2025-05-07
114/05/07,62,"2,129",34.75,34.75,34.45,34.45,-0.25,67,2025-05-07
114/05/06,72,"2,502",35.00,35.75,34.70,34.70,-0.30,76,2025-05-06
114/05/06,72,"2,502",35.0,35.75,34.7,34.7,-0.3,76,2025-05-06
114/05/05,315,"11,365",38.10,38.10,34.45,35.00,-0.95,291,2025-05-05
114/05/05,315,"11,365",38.1,38.1,34.45,35.0,-0.95,291,2025-05-05
114/05/02,219,"7,800",34.55,36.40,34.50,35.95,1.50,174,2025-05-02
114/05/02,219,"7,800",34.55,36.4,34.5,35.95,1.5,174,2025-05-02
114/04/30,154,"5,425",35.60,36.00,34.45,34.45,-0.70,200,2025-04-30
114/04/30,154,"5,425",35.6,36.0,34.45,34.45,-0.7,200,2025-04-30
114/04/29,127,"4,447",34.65,35.35,34.45,35.15,0.50,119,2025-04-29
114/04/29,127,"4,447",34.65,35.35,34.45,35.15,0.5,119,2025-04-29
114/04/28,149,"5,120",34.05,34.85,34.0,34.65,0.85,138,2025-04-28
114/04/28,149,"5,120",34.05,34.85,34.00,34.65,0.85,138,2025-04-28
114/04/25,222,"7,541",34.1,34.5,33.6,33.8,0.25,211,2025-04-25
114/04/25,222,"7,541",34.10,34.50,33.60,33.80,0.25,211,2025-04-25
114/04/24,85,"2,844",34.20,34.20,32.80,33.55,0.00,128,2025-04-24
114/04/24,85,"2,844",34.2,34.2,32.8,33.55,0.0,128,2025-04-24
114/04/23,232,"7,804",33.70,34.20,33.10,33.55,1.45,191,2025-04-23
114/04/23,232,"7,804",33.7,34.2,33.1,33.55,1.45,191,2025-04-23
114/04/22,151,"4,889",31.50,33.50,31.50,32.10,0.55,146,2025-04-22
114/04/22,151,"4,889",31.5,33.5,31.5,32.1,0.55,146,2025-04-22
114/04/21,166,"5,224",32.45,32.45,30.40,31.55,-1.20,150,2025-04-21
114/04/21,166,"5,224",32.45,32.45,30.4,31.55,-1.2,150,2025-04-21
114/04/18,76,"2,508",33.15,33.4,32.7,32.75,-0.25,80,2025-04-18
114/04/18,76,"2,508",33.15,33.40,32.70,32.75,-0.25,80,2025-04-18
114/04/17,140,"4,633",32.75,33.70,32.35,33.00,-0.35,115,2025-04-17
114/04/17,140,"4,633",32.75,33.7,32.35,33.0,-0.35,115,2025-04-17
114/04/16,134,"4,549",34.85,34.85,33.30,33.35,-1.45,206,2025-04-16
114/04/16,134,"4,549",34.85,34.85,33.3,33.35,-1.45,206,2025-04-16
114/04/15,296,"10,111",32.95,34.80,32.95,34.80,2.05,274,2025-04-15
114/04/15,296,"10,111",32.95,34.8,32.95,34.8,2.05,274,2025-04-15
114/04/14,266,"8,912",33.05,35.00,32.35,32.75,0.10,313,2025-04-14
114/04/14,266,"8,912",33.05,35.0,32.35,32.75,0.1,313,2025-04-14
114/04/11,179,"5,713",32.35,32.95,30.0,32.65,0.3,158,2025-04-11
114/04/11,179,"5,713",32.35,32.95,30.00,32.65,0.30,158,2025-04-11
114/04/10,358,"11,502",31.55,32.35,31.25,32.35,2.90,233,2025-04-10
114/04/10,358,"11,502",31.55,32.35,31.25,32.35,2.9,233,2025-04-10
114/04/09,760,"22,560",30.35,30.80,29.45,29.45,-3.25,444,2025-04-09
114/04/09,760,"22,560",30.35,30.8,29.45,29.45,-3.25,444,2025-04-09
114/04/08,643,"21,058",32.70,34.80,32.70,32.70,-3.60,326,2025-04-08
114/04/08,643,"21,058",32.7,34.8,32.7,32.7,-3.6,326,2025-04-08
114/04/07,14,515,36.30,36.30,36.30,36.30,-4.00,42,2025-04-07
114/04/07,14,515,36.3,36.3,36.3,36.3,-4.0,42,2025-04-07
114/04/02,103,"4,198",40.70,41.20,40.10,40.30,-0.35,101,2025-04-02
114/04/02,103,"4,198",40.7,41.2,40.1,40.3,-0.35,101,2025-04-02
114/04/01,443,"17,967",38.55,41.8,38.35,40.65,2.1,360,2025-04-01
114/04/01,443,"17,967",38.55,41.80,38.35,40.65,2.10,360,2025-04-01
114/03/31,743,"29,039",40.00,40.20,38.35,38.55,-3.55,564,2025-03-31
114/03/31,743,"29,039",40.0,40.2,38.35,38.55,-3.55,564,2025-03-31
114/03/28,388,"16,534",43.5,43.75,42.0,42.1,-2.1,359,2025-03-28
114/03/28,388,"16,534",43.50,43.75,42.00,42.10,-2.10,359,2025-03-28
114/03/27,127,"5,629",44.50,44.55,44.10,44.20,-0.30,92,2025-03-27
114/03/27,127,"5,629",44.5,44.55,44.1,44.2,-0.3,92,2025-03-27
114/03/26,126,"5,601",44.05,44.75,44.05,44.5,0.5,115,2025-03-26
114/03/26,126,"5,601",44.05,44.75,44.05,44.50,0.50,115,2025-03-26
114/03/25,280,"12,406",44.75,45.05,43.95,44.0,-0.7,209,2025-03-25
114/03/25,280,"12,406",44.75,45.05,43.95,44.00,-0.70,209,2025-03-25
114/03/24,249,"11,215",46.15,46.3,44.35,44.7,-1.1,266,2025-03-24
114/03/24,249,"11,215",46.15,46.30,44.35,44.70,-1.10,266,2025-03-24
114/03/21,224,"10,277",46.70,46.70,45.60,45.80,-0.80,229,2025-03-21
114/03/21,224,"10,277",46.7,46.7,45.6,45.8,-0.8,229,2025-03-21
114/03/20,696,"32,656",47.5,48.4,46.25,46.6,0.4,965,2025-03-20
114/03/20,696,"32,656",47.50,48.40,46.25,46.60,0.40,965,2025-03-20
114/03/19,"1,375","64,971",45.8,48.7,45.3,46.2,1.4,"1,432",2025-03-19
114/03/19,"1,375","64,971",45.80,48.70,45.30,46.20,1.40,"1,432",2025-03-19
114/03/18,294,"13,212",44.75,45.85,44.00,44.80,0.80,260,2025-03-18
114/03/18,294,"13,212",44.75,45.85,44.0,44.8,0.8,260,2025-03-18
114/03/17,78,"3,461",44.70,45.00,44.00,44.00,-0.15,93,2025-03-17
114/03/17,78,"3,461",44.7,45.0,44.0,44.0,-0.15,93,2025-03-17
114/03/14,123,"5,449",44.55,45.0,43.85,44.15,0.0,133,2025-03-14
114/03/14,123,"5,449",44.55,45.00,43.85,44.15,0.00,133,2025-03-14
114/03/13,202,"9,089",45.8,46.0,44.1,44.15,-0.9,251,2025-03-13
114/03/13,202,"9,089",45.80,46.00,44.10,44.15,-0.90,251,2025-03-13
114/03/12,147,"6,602",44.5,45.3,44.5,45.05,0.55,150,2025-03-12
114/03/12,147,"6,602",44.50,45.30,44.50,45.05,0.55,150,2025-03-12
114/03/11,179,"7,857",44.20,44.95,42.80,44.50,-0.50,182,2025-03-11
114/03/11,179,"7,857",44.2,44.95,42.8,44.5,-0.5,182,2025-03-11
114/03/10,120,"5,389",44.75,45.3,44.55,45.0,0.3,120,2025-03-10
114/03/10,120,"5,389",44.75,45.30,44.55,45.00,0.30,120,2025-03-10
114/03/07,114,"5,127",44.85,45.50,44.70,44.70,-0.15,100,2025-03-07
114/03/07,114,"5,127",44.85,45.5,44.7,44.7,-0.15,100,2025-03-07
114/03/06,224,"10,170",46.50,46.60,44.80,44.85,-1.40,330,2025-03-06
114/03/06,224,"10,170",46.5,46.6,44.8,44.85,-1.4,330,2025-03-06
114/03/05,293,"13,509",45.15,46.45,45.15,46.25,0.80,353,2025-03-05
114/03/05,293,"13,509",45.15,46.45,45.15,46.25,0.8,353,2025-03-05
114/03/04,293,"13,158",44.4,45.75,43.8,45.45,0.85,300,2025-03-04
114/03/04,293,"13,158",44.40,45.75,43.80,45.45,0.85,300,2025-03-04
114/03/03,513,"23,186",46.8,46.8,44.6,44.6,-2.7,630,2025-03-03
114/03/03,513,"23,186",46.80,46.80,44.60,44.60,-2.70,630,2025-03-03
114/02/27,446,"21,227",48.80,48.80,47.00,47.30,-1.10,533,2025-02-27
114/02/27,446,"21,227",48.8,48.8,47.0,47.3,-1.1,533,2025-02-27
114/02/26,255,"12,401",48.20,49.10,47.90,48.40,0.55,405,2025-02-26
114/02/26,255,"12,401",48.2,49.1,47.9,48.4,0.55,405,2025-02-26
114/02/25,219,"10,505",48.05,48.4,47.75,47.85,-0.55,277,2025-02-25
114/02/25,219,"10,505",48.05,48.40,47.75,47.85,-0.55,277,2025-02-25
114/02/24,333,"16,028",48.25,48.40,47.80,48.40,-0.05,316,2025-02-24
114/02/24,333,"16,028",48.25,48.4,47.8,48.4,-0.05,316,2025-02-24
114/02/21,521,"25,379",48.65,49.75,47.85,48.45,0.05,446,2025-02-21
114/02/21,521,"25,379",48.65,49.75,47.85,48.45,0.05,446,2025-02-21
114/02/20,633,"30,821",49.75,49.75,48.15,48.40,-0.60,598,2025-02-20
114/02/20,633,"30,821",49.75,49.75,48.15,48.4,-0.6,598,2025-02-20
114/02/19,712,"35,209",49.30,50.00,48.85,49.00,0.15,764,2025-02-19
114/02/19,712,"35,209",49.3,50.0,48.85,49.0,0.15,764,2025-02-19
114/02/18,"1,072","53,076",49.30,50.80,48.70,48.85,-0.65,"1,236",2025-02-18
114/02/18,"1,072","53,076",49.3,50.8,48.7,48.85,-0.65,"1,236",2025-02-18
114/02/17,"5,430","272,111",50.4,51.8,48.8,49.5,1.1,"4,262",2025-02-17
114/02/17,"5,430","272,111",50.40,51.80,48.80,49.50,1.10,"4,262",2025-02-17
114/02/14,"1,406","66,928",45.0,48.4,45.0,48.4,4.4,933,2025-02-14
114/02/14,"1,406","66,928",45.00,48.40,45.00,48.40,4.40,933,2025-02-14
114/02/13,300,"13,231",43.8,44.5,43.8,44.0,0.15,250,2025-02-13
114/02/13,300,"13,231",43.80,44.50,43.80,44.00,0.15,250,2025-02-13
114/02/12,301,"13,180",43.55,44.40,43.10,43.85,0.60,249,2025-02-12
114/02/12,301,"13,180",43.55,44.4,43.1,43.85,0.6,249,2025-02-12
114/02/11,288,"12,521",43.5,44.0,43.15,43.25,-0.15,261,2025-02-11
114/02/11,288,"12,521",43.50,44.00,43.15,43.25,-0.15,261,2025-02-11
114/02/10,376,"16,504",44.40,44.45,43.25,43.40,-1.85,488,2025-02-10
114/02/10,376,"16,504",44.4,44.45,43.25,43.4,-1.85,488,2025-02-10
114/02/07,284,"12,809",44.80,45.40,44.40,45.25,0.45,416,2025-02-07
114/02/07,284,"12,809",44.8,45.4,44.4,45.25,0.45,416,2025-02-07
114/02/06,231,"10,316",44.20,44.95,44.20,44.80,0.90,286,2025-02-06
114/02/06,231,"10,316",44.2,44.95,44.2,44.8,0.9,286,2025-02-06
114/02/05,212,"9,289",43.55,44.20,43.40,43.90,0.90,315,2025-02-05
114/02/05,212,"9,289",43.55,44.2,43.4,43.9,0.9,315,2025-02-05
114/02/04,635,"27,108",43.60,43.60,42.10,43.00,-0.75,422,2025-02-04
114/02/04,635,"27,108",43.6,43.6,42.1,43.0,-0.75,422,2025-02-04
114/02/03,304,"13,283",44.9,44.9,43.05,43.75,-1.95,313,2025-02-03
114/02/03,304,"13,283",44.90,44.90,43.05,43.75,-1.95,313,2025-02-03
114/01/22,559,"25,415",46.35,46.35,45.1,45.7,-0.65,513,2025-01-22
114/01/22,559,"25,415",46.35,46.35,45.10,45.70,-0.65,513,2025-01-22
114/01/21,"1,605","75,064",45.00,48.30,44.75,46.35,1.65,"1,417",2025-01-21
114/01/21,"1,605","75,064",45.0,48.3,44.75,46.35,1.65,"1,417",2025-01-21
114/01/20,275,"12,208",43.95,44.7,43.8,44.7,0.95,266,2025-01-20
114/01/20,275,"12,208",43.95,44.70,43.80,44.70,0.95,266,2025-01-20
114/01/17,345,"15,361",46.1,46.15,43.75,43.75,-1.45,492,2025-01-17
114/01/17,345,"15,361",46.10,46.15,43.75,43.75,-1.45,492,2025-01-17
114/01/16,245,"11,105",45.4,46.3,45.0,45.2,0.5,309,2025-01-16
114/01/16,245,"11,105",45.40,46.30,45.00,45.20,0.50,309,2025-01-16
114/01/15,266,"11,944",45.2,45.3,44.3,44.7,-0.5,296,2025-01-15
114/01/15,266,"11,944",45.20,45.30,44.30,44.70,-0.50,296,2025-01-15
114/01/14,460,"20,398",43.9,45.3,43.55,45.2,1.4,511,2025-01-14
114/01/14,460,"20,398",43.90,45.30,43.55,45.20,1.40,511,2025-01-14
114/01/13,785,"34,450",44.8,44.8,43.2,43.8,-1.9,769,2025-01-13
114/01/13,785,"34,450",44.80,44.80,43.20,43.80,-1.90,769,2025-01-13
114/01/10,491,"22,823",46.80,47.35,45.70,45.70,-0.70,567,2025-01-10
114/01/10,491,"22,823",46.8,47.35,45.7,45.7,-0.7,567,2025-01-10
114/01/09,770,"36,337",47.5,48.7,46.4,46.4,-1.15,734,2025-01-09
114/01/09,770,"36,337",47.50,48.70,46.40,46.40,-1.15,734,2025-01-09
114/01/08,591,"28,315",49.00,49.00,47.45,47.55,-1.35,613,2025-01-08
114/01/08,591,"28,315",49.0,49.0,47.45,47.55,-1.35,613,2025-01-08
114/01/07,618,"30,538",50.40,50.40,48.80,48.90,-0.70,553,2025-01-07
114/01/07,618,"30,538",50.4,50.4,48.8,48.9,-0.7,553,2025-01-07
114/01/06,585,"29,175",49.9,50.8,49.5,49.6,0.2,522,2025-01-06
114/01/06,585,"29,175",49.90,50.80,49.50,49.60,0.20,522,2025-01-06
114/01/03,973,"48,534",49.65,50.8,49.4,49.4,-0.25,696,2025-01-03
114/01/03,973,"48,534",49.65,50.80,49.40,49.40,-0.25,696,2025-01-03
114/01/02,"1,022","51,895",52.80,52.80,49.65,49.65,-3.15,940,2025-01-02
114/01/02,"1,022","51,895",52.8,52.8,49.65,49.65,-3.15,940,2025-01-02
113/12/31,545,"28,402",52.2,52.9,51.5,52.8,0.7,441,2024-12-31
113/12/31,545,"28,402",52.20,52.90,51.50,52.80,0.70,441,2024-12-31
113/12/30,"1,005","53,105",53.4,54.3,51.5,52.1,-0.6,832,2024-12-30
113/12/30,"1,005","53,105",53.40,54.30,51.50,52.10,-0.60,832,2024-12-30
113/12/27,895,"47,551",54.80,54.80,52.30,52.70,-1.30,"1,023",2024-12-27
113/12/27,895,"47,551",54.8,54.8,52.3,52.7,-1.3,"1,023",2024-12-27
113/12/26,"2,386","131,804",56.1,57.2,54.0,54.0,-2.5,"2,177",2024-12-26
113/12/26,"2,386","131,804",56.10,57.20,54.00,54.00,-2.50,"2,177",2024-12-26
113/12/25,"8,658","495,418",57.00,59.00,56.00,56.50,1.20,"6,120",2024-12-25
113/12/25,"8,658","495,418",57.0,59.0,56.0,56.5,1.2,"6,120",2024-12-25
113/12/24,"1,587","86,027",51.0,55.3,50.5,55.3,5.0,"1,062",2024-12-24
113/12/24,"1,587","86,027",51.00,55.30,50.50,55.30,5.00,"1,062",2024-12-24
113/12/23,"1,238","62,719",50.7,52.2,49.7,50.3,0.3,989,2024-12-23
113/12/23,"1,238","62,719",50.70,52.20,49.70,50.30,0.30,989,2024-12-23
113/12/20,"2,523","129,456",50.30,53.70,49.60,50.00,0.70,"2,079",2024-12-20
113/12/20,"2,523","129,456",50.3,53.7,49.6,50.0,0.7,"2,079",2024-12-20
113/12/19,932,"46,091",50.50,50.50,48.95,49.30,-1.60,987,2024-12-19
113/12/19,932,"46,091",50.5,50.5,48.95,49.3,-1.6,987,2024-12-19
113/12/18,"1,152","58,760",51.40,52.00,50.20,50.90,-1.10,"1,003",2024-12-18
113/12/18,"1,152","58,760",51.4,52.0,50.2,50.9,-1.1,"1,003",2024-12-18
113/12/17,"1,351","71,325",54.0,54.7,51.9,52.0,-0.9,"1,208",2024-12-17
113/12/17,"1,351","71,325",54.00,54.70,51.90,52.00,-0.90,"1,208",2024-12-17
113/12/16,"1,819","97,712",55.0,56.1,52.6,52.9,-2.9,"1,460",2024-12-16
113/12/16,"1,819","97,712",55.00,56.10,52.60,52.90,-2.90,"1,460",2024-12-16
113/12/13,"3,019","170,772",58.30,58.50,54.70,55.80,-3.40,"2,750",2024-12-13
113/12/13,"3,019","170,772",58.3,58.5,54.7,55.8,-3.4,"2,750",2024-12-13
113/12/12,"4,423","261,182",57.80,60.50,56.60,59.20,2.00,"4,090",2024-12-12
113/12/12,"4,423","261,182",57.8,60.5,56.6,59.2,2.0,"4,090",2024-12-12
113/12/11,"5,371","315,124",60.5,60.6,57.2,57.2,-3.4,"4,127",2024-12-11
113/12/11,"5,371","315,124",60.50,60.60,57.20,57.20,-3.40,"4,127",2024-12-11
113/12/10,"10,268","630,187",59.5,63.7,59.5,60.6,1.0,"8,723",2024-12-10
113/12/10,"10,268","630,187",59.50,63.70,59.50,60.60,1.00,"8,723",2024-12-10
113/12/09,"5,872","354,357",61.5,62.1,58.6,59.6,-2.2,"4,584",2024-12-09
113/12/09,"5,872","354,357",61.50,62.10,58.60,59.60,-2.20,"4,584",2024-12-09
113/12/06,"11,273","686,743",59.3,63.1,57.5,61.8,1.3,"8,231",2024-12-06
113/12/06,"11,273","686,743",59.30,63.10,57.50,61.80,1.30,"8,231",2024-12-06
113/12/05,"15,129","887,669",57.6,61.0,57.0,60.5,4.4,"10,471",2024-12-05
113/12/05,"15,129","887,669",57.60,61.00,57.00,60.50,4.40,"10,471",2024-12-05
113/12/04,"13,238","732,470",56.10,56.10,52.80,56.10,5.10,"4,897",2024-12-04
113/12/04,"13,238","732,470",56.1,56.1,52.8,56.1,5.1,"4,897",2024-12-04
113/12/03,"1,314","65,252",46.95,51.00,46.95,51.00,4.60,827,2024-12-03
113/12/03,"1,314","65,252",46.95,51.0,46.95,51.0,4.6,827,2024-12-03
113/12/02,"2,014","96,263",49.10,49.20,46.40,46.40,-2.00,"1,217",2024-12-02
113/12/02,"2,014","96,263",49.1,49.2,46.4,46.4,-2.0,"1,217",2024-12-02
113/11/29,687,"33,380",49.00,49.10,48.15,48.40,-0.10,585,2024-11-29
113/11/29,687,"33,380",49.0,49.1,48.15,48.4,-0.1,585,2024-11-29
113/11/28,"1,497","72,932",47.80,49.90,47.80,48.50,0.70,"1,241",2024-11-28
113/11/28,"1,497","72,932",47.8,49.9,47.8,48.5,0.7,"1,241",2024-11-28
113/11/27,"1,181","57,904",51.2,51.5,47.8,47.8,-2.5,958,2024-11-27
113/11/27,"1,181","57,904",51.20,51.50,47.80,47.80,-2.50,958,2024-11-27
113/11/26,575,"29,188",51.4,52.2,50.2,50.3,-0.6,541,2024-11-26
113/11/26,575,"29,188",51.40,52.20,50.20,50.30,-0.60,541,2024-11-26
113/11/25,777,"39,972",51.0,52.7,50.4,50.9,0.1,633,2024-11-25
113/11/25,777,"39,972",51.00,52.70,50.40,50.90,0.10,633,2024-11-25
113/11/22,"1,021","52,849",52.2,52.8,50.8,50.8,-0.8,909,2024-11-22
113/11/22,"1,021","52,849",52.20,52.80,50.80,50.80,-0.80,909,2024-11-22
113/11/21,701,"36,291",52.3,52.3,51.1,51.6,-0.7,615,2024-11-21
113/11/21,701,"36,291",52.30,52.30,51.10,51.60,-0.70,615,2024-11-21
113/11/20,"1,022","53,498",54.1,54.4,51.6,52.3,-1.3,"1,045",2024-11-20
113/11/20,"1,022","53,498",54.10,54.40,51.60,52.30,-1.30,"1,045",2024-11-20
113/11/19,"1,382","74,550",53.5,55.8,52.6,53.6,0.9,"1,236",2024-11-19
113/11/19,"1,382","74,550",53.50,55.80,52.60,53.60,0.90,"1,236",2024-11-19
113/11/18,"1,234","65,629",55.3,55.3,52.7,52.7,-2.3,910,2024-11-18
113/11/18,"1,234","65,629",55.30,55.30,52.70,52.70,-2.30,910,2024-11-18
113/11/15,"1,891","105,450",57.00,58.00,54.40,55.00,-1.50,"1,487",2024-11-15
113/11/15,"1,891","105,450",57.0,58.0,54.4,55.0,-1.5,"1,487",2024-11-15
113/11/14,"5,826","341,987",57.2,61.3,56.0,56.5,-1.8,"4,596",2024-11-14
113/11/14,"5,826","341,987",57.20,61.30,56.00,56.50,-1.80,"4,596",2024-11-14
113/11/13,"6,050","347,686",56.10,61.00,54.10,58.30,2.70,"4,344",2024-11-13
113/11/13,"6,050","347,686",56.1,61.0,54.1,58.3,2.7,"4,344",2024-11-13
113/11/12,"5,317","304,887",58.90,61.50,54.30,55.60,-2.70,"3,915",2024-11-12
113/11/12,"5,317","304,887",58.9,61.5,54.3,55.6,-2.7,"3,915",2024-11-12
113/11/11,"2,242","132,043",60.0,60.2,58.1,58.3,-2.7,"1,681",2024-11-11
113/11/11,"2,242","132,043",60.00,60.20,58.10,58.30,-2.70,"1,681",2024-11-11
113/11/08,"3,143","196,340",64.6,65.3,61.0,61.0,-3.1,"2,632",2024-11-08
113/11/08,"3,143","196,340",64.60,65.30,61.00,61.00,-3.10,"2,632",2024-11-08
113/11/07,"4,274","276,500",66.8,67.5,62.0,64.1,-1.6,"3,468",2024-11-07
113/11/07,"4,274","276,500",66.80,67.50,62.00,64.10,-1.60,"3,468",2024-11-07
113/11/06,"5,357","357,756",66.6,69.5,65.1,65.7,0.1,"4,355",2024-11-06
113/11/06,"5,357","357,756",66.60,69.50,65.10,65.70,0.10,"4,355",2024-11-06
113/11/05,"9,916","673,449",66.6,70.9,65.0,65.6,-0.3,"7,007",2024-11-05
113/11/05,"9,916","673,449",66.60,70.90,65.00,65.60,-0.30,"7,007",2024-11-05
113/11/04,"4,149","278,778",68.5,68.9,65.9,65.9,-4.5,"3,226",2024-11-04
113/11/04,"4,149","278,778",68.50,68.90,65.90,65.90,-4.50,"3,226",2024-11-04
113/11/01,"5,947","422,488",72.80,74.00,70.40,70.40,-7.80,"3,323",2024-11-01
113/11/01,"5,947","422,488",72.8,74.0,70.4,70.4,-7.8,"3,323",2024-11-01
113/10/30,"2,660","208,037",78.20,78.20,78.20,78.20,7.10,"1,239",2024-10-30
113/10/30,"2,660","208,037",78.2,78.2,78.2,78.2,7.1,"1,239",2024-10-30
113/10/29,"9,403","658,921",64.6,71.1,64.2,71.1,6.4,"4,297",2024-10-29
113/10/29,"9,403","658,921",64.60,71.10,64.20,71.10,6.40,"4,297",2024-10-29
113/10/28,"5,563","365,137",69.30,69.60,63.50,64.70,-4.40,"4,572",2024-10-28
113/10/28,"5,563","365,137",69.3,69.6,63.5,64.7,-4.4,"4,572",2024-10-28
113/10/25,"6,775","478,048",71.60,72.80,68.90,69.10,-2.40,"5,219",2024-10-25
113/10/25,"6,775","478,048",71.6,72.8,68.9,69.1,-2.4,"5,219",2024-10-25
113/10/24,"11,356","818,349",74.60,76.30,68.60,71.50,-2.50,"8,283",2024-10-24
113/10/24,"11,356","818,349",74.6,76.3,68.6,71.5,-2.5,"8,283",2024-10-24
113/10/23,"10,618","798,332",74.2,77.2,74.0,74.0,-1.7,"7,375",2024-10-23
113/10/23,"10,618","798,332",74.20,77.20,74.00,74.00,-1.70,"7,375",2024-10-23
113/10/22,"43,447","3,518,788",79.6,86.7,73.1,75.7,-3.2,"25,847",2024-10-22
113/10/22,"43,447","3,518,788",79.60,86.70,73.10,75.70,-3.20,"25,847",2024-10-22
113/10/21,"36,346","2,820,606",79.30,80.10,75.00,78.90,4.70,"21,372",2024-10-21
113/10/21,"36,346","2,820,606",79.3,80.1,75.0,78.9,4.7,"21,372",2024-10-21
113/10/18,"10,990","799,696",70.9,74.2,70.0,74.2,6.7,"4,576",2024-10-18
113/10/18,"10,990","799,696",70.90,74.20,70.00,74.20,6.70,"4,576",2024-10-18
113/10/17,"12,982","840,375",61.50,67.50,59.70,67.50,6.10,"6,904",2024-10-17
113/10/17,"12,982","840,375",61.5,67.5,59.7,67.5,6.1,"6,904",2024-10-17
113/10/16,"8,065","474,717",55.0,61.4,54.1,61.4,5.5,"5,227",2024-10-16
113/10/16,"8,065","474,717",55.00,61.40,54.10,61.40,5.50,"5,227",2024-10-16
113/10/15,"10,398","618,712",63.40,63.50,55.70,55.90,-5.90,"7,059",2024-10-15
113/10/15,"10,398","618,712",63.4,63.5,55.7,55.9,-5.9,"7,059",2024-10-15
113/10/14,"24,070","1,469,350",65.80,65.80,58.20,61.80,1.80,"15,024",2024-10-14
113/10/14,"24,070","1,469,350",65.8,65.8,58.2,61.8,1.8,"15,024",2024-10-14
113/10/11,"7,054","411,881",55.2,60.0,55.1,60.0,5.4,"3,046",2024-10-11
113/10/11,"7,054","411,881",55.20,60.00,55.10,60.00,5.40,"3,046",2024-10-11
113/10/09,"10,159","533,964",50.7,54.6,48.0,54.6,4.9,"6,173",2024-10-09
113/10/09,"10,159","533,964",50.70,54.60,48.00,54.60,4.90,"6,173",2024-10-09
113/10/08,"5,168","266,601",52.0,53.9,49.7,49.7,-1.2,"3,496",2024-10-08
113/10/08,"5,168","266,601",52.00,53.90,49.70,49.70,-1.20,"3,496",2024-10-08
113/10/07,"11,699","614,285",56.60,56.70,49.60,50.90,-3.80,"7,294",2024-10-07
113/10/07,"11,699","614,285",56.6,56.7,49.6,50.9,-3.8,"7,294",2024-10-07
113/10/04,"17,699","943,640",51.3,54.7,50.6,54.7,4.95,"10,047",2024-10-04
113/10/04,"17,699","943,640",51.30,54.70,50.60,54.70,4.95,"10,047",2024-10-04
113/10/01,"7,009","341,575",45.45,49.75,44.35,49.75,4.50,"3,211",2024-10-01
113/10/01,"7,009","341,575",45.45,49.75,44.35,49.75,4.5,"3,211",2024-10-01
113/09/30,"5,074","230,317",45.60,47.15,43.30,45.25,0.05,"3,461",2024-09-30
113/09/30,"5,074","230,317",45.6,47.15,43.3,45.25,0.05,"3,461",2024-09-30
113/09/27,"4,216","188,670",41.8,45.2,41.1,45.2,4.1,"2,315",2024-09-27
113/09/27,"4,216","188,670",41.80,45.20,41.10,45.20,4.10,"2,315",2024-09-27
113/09/26,"1,115","46,046",38.40,41.90,38.30,41.10,3.00,738,2024-09-26
113/09/26,"1,115","46,046",38.4,41.9,38.3,41.1,3.0,738,2024-09-26
113/09/25,24,928,37.95,38.25,37.90,38.10,0.10,27,2024-09-25
113/09/25,24,928,37.95,38.25,37.9,38.1,0.1,27,2024-09-25
113/09/24,3,114,37.85,38.00,37.85,38.00,0.20,11,2024-09-24
113/09/24,3,114,37.85,38.0,37.85,38.0,0.2,11,2024-09-24
113/09/23,11,417,37.9,38.35,37.8,37.8,-0.05,12,2024-09-23
113/09/23,11,417,37.90,38.35,37.80,37.80,-0.05,12,2024-09-23
113/09/20,19,736,37.85,38.40,37.70,37.85,0.05,18,2024-09-20
113/09/20,19,736,37.85,38.4,37.7,37.85,0.05,18,2024-09-20
113/09/19,11,418,38.1,38.1,37.8,37.8,-0.3,8,2024-09-19
113/09/19,11,418,38.10,38.10,37.80,37.80,-0.30,8,2024-09-19
113/09/18,18,693,37.65,38.15,37.6,38.1,-0.1,19,2024-09-18
113/09/18,18,693,37.65,38.15,37.60,38.10,-0.10,19,2024-09-18
113/09/16,10,392,37.7,38.8,37.55,38.2,0.8,12,2024-09-16
113/09/16,10,392,37.70,38.80,37.55,38.20,0.80,12,2024-09-16
113/09/13,21,775,37.65,37.70,37.25,37.40,-0.10,44,2024-09-13
113/09/13,21,775,37.65,37.7,37.25,37.4,-0.1,44,2024-09-13
113/09/12,8,310,37.80,37.80,37.50,37.50,-0.30,12,2024-09-12
113/09/12,8,310,37.8,37.8,37.5,37.5,-0.3,12,2024-09-12
113/09/11,10,389,37.75,38.20,37.05,37.80,1.05,16,2024-09-11
113/09/11,10,389,37.75,38.2,37.05,37.8,1.05,16,2024-09-11
113/09/10,92,"3,437",37.75,37.75,36.40,36.75,-0.95,119,2024-09-10
113/09/10,92,"3,437",37.75,37.75,36.4,36.75,-0.95,119,2024-09-10
113/09/09,44,"1,657",38.30,38.30,37.70,37.70,-1.05,80,2024-09-09
113/09/09,44,"1,657",38.3,38.3,37.7,37.7,-1.05,80,2024-09-09
113/09/06,23,896,38.85,39.0,38.45,38.75,-0.1,31,2024-09-06
113/09/06,23,896,38.85,39.00,38.45,38.75,-0.10,31,2024-09-06
113/09/05,29,"1,135",39.40,39.55,38.25,38.85,-0.60,23,2024-09-05
113/09/05,29,"1,135",39.4,39.55,38.25,38.85,-0.6,23,2024-09-05
113/09/04,64,"2,473",37.8,39.65,37.8,39.45,-0.3,54,2024-09-04
113/09/04,64,"2,473",37.80,39.65,37.80,39.45,-0.30,54,2024-09-04
113/09/03,22,875,39.45,39.75,39.30,39.75,0.20,20,2024-09-03
113/09/03,22,875,39.45,39.75,39.3,39.75,0.2,20,2024-09-03
113/09/02,49,"1,946",40.0,40.35,39.55,39.55,-0.3,31,2024-09-02
113/09/02,49,"1,946",40.00,40.35,39.55,39.55,-0.30,31,2024-09-02
